Model,Set,Accuracy,Precision,Recall,F1-score,Macro-F1,AUC,Train Time (s),Inference Time (ms/img)
SVM,Raw,77.58,75.43,77.58,75.3,46.6,91.23,470.79,10.055
SVM,Filtered,77.07,73.66,77.07,74.78,44.67,90.37,493.43,11.886
SVM,Edge,67.88,56.65,67.88,57.96,16.7,74.6,695.98,13.061
Random Forest,Raw,72.12,67.48,72.12,64.36,23.22,85.32,80.87,0.154
Random Forest,Filtered,71.62,66.93,71.62,63.3,21.6,85.12,85.06,0.122
Random Forest,Edge,68.79,55.81,68.79,57.81,15.18,74.18,72.16,0.121
KNN,Raw,70.2,62.57,70.2,65.29,23.37,68.24,0.01,1.491
KNN,Filtered,70.71,64.3,70.71,66.53,26.73,70.64,0.01,0.861
KNN,Edge,63.33,55.75,63.33,58.82,19.12,62.53,0.01,0.86
CNN Model 1 (ResNet101),Raw,79.8,81.32,79.8,80.36,64.77,89.6,501.7,2.55
CNN Model 1 (ResNet101),Filtered,80.0,79.64,80.0,79.63,58.79,91.58,480.95,2.59
CNN Model 1 (ResNet101),Edge,35.35,61.67,35.35,41.95,22.69,64.88,469.95,2.44
CNN Model 2 (DenseNet121),Raw,81.92,83.03,81.92,82.3,68.48,93.89,360.5,1.76
CNN Model 2 (DenseNet121),Filtered,80.2,82.31,80.2,81.02,65.07,95.26,339.92,1.84
CNN Model 2 (DenseNet121),Edge,46.06,63.82,46.06,51.02,27.36,72.01,329.1,1.72
